PubDate,URL,Title,Publication,PositionIDList,ComparisonOrOpinion
2018-07-06,https://www.kitchenerpost.ca/news-story/8727700-engagement-tall-towers-top-of-mind-for-kitchener-s-downtown-candidates/,"Engagement, tall towers top-of-mind for Kitchener's downtown candidates",Kitchener Post,"Kitchener-Ward-09,Kitchener-Ward-10",
2018-07-17,https://www.kitchenerpost.ca/news-story/8746307-kitchener-coun-fernandes-won-t-seek-re-election/,Kitchener Coun. Fernandes won't seek re-election,Kitchener Post,Kitchener-Ward-04,
2018-07-18,https://www.newhamburgindependent.ca/news-story/8747848-a-word-from-outgoing-ward-2-coun-peter-roe/,A word from outgoing Ward 2 Coun. Peter Roe,New Hamburg Independent,Wilmot-Ward-02,
2018-07-27,https://www.kitchenerpost.ca/news-story/8766186-uptown-ward-to-be-hotly-contested-in-waterloo/,Uptown ward to be hotly contested in Waterloo,Waterloo Chronicle,Waterloo-Ward-07,
2018-07-25,https://www.kitchenerpost.ca/news-story/8762259-strickland-to-run-again-for-regional-council/,Strickland to run again for regional council,Waterloo Chronicle,Regional-Waterloo,
2018-07-23,https://www.kitchenerpost.ca/news-story/8756781-henry-wants-another-term-in-as-ward-6-councillor-in-waterloo/,Henry wants another term in as Ward 6 councillor in Waterloo,Waterloo Chronicle,Waterloo-Ward-06,
2018-07-27,https://www.kitchenerpost.ca/news-story/8766215-jay-aissa-to-take-another-run-at-waterloo-regional-chair/,Jay Aissa to take another run at Waterloo regional chair,Waterloo Chronicle,Regional-Chair,
2018-07-23,https://www.kitchenerpost.ca/news-story/8757333-narine-sookram-wants-to-be-kitchener-s-mayor/,Narine Sookram wants to be Kitchener's mayor,Kitchener Post,Kitchener-Mayor,
2018-07-18,https://www.kitchenerpost.ca/news-story/8749276-kathryn-mcgarry-running-for-mayor-in-cambridge/,Kathryn McGarry running for mayor in Cambridge,Waterloo Region Record,Cambridge-Mayor,
2018-07-16,https://www.kitchenerpost.ca/news-story/8743565-sandra-hanmer-to-run-in-waterloo-ward-1/,Sandra Hanmer to run in Waterloo Ward 1,Waterloo Chronicle,Waterloo-Ward-01,
2018-05-28,https://www.kitchenerpost.ca/news-story/8630229-uptown-booster-tenille-bonoguore-throws-her-hat-in-the-ring-for-city-council/,Uptown booster Tenille Bonoguore throws her hat in the ring for city council,Waterloo Chronicle,Waterloo-Ward-07,
2018-05-13,https://www.kitchenerpost.ca/news-story/8603179-d-ailly-draws-on-experience-in-run-for-regional-chair/,D'Ailly draws on experience in run for regional chair,Waterloo Chronicle,Regional-Chair,
2018-05-11,https://www.kitchenerpost.ca/news-story/8602783-jane-mitchell-to-run-for-re-election/,Jane Mitchell to run for re-election,Waterloo Chronicle,Regional-Waterloo,
2018-05-11,https://www.kitchenerpost.ca/news-story/8602665-kitchener-mayor-berry-vrbanovic-to-seek-second-term/,Kitchener Mayor Berry Vrbanovic to seek second term,Kitchener Post,Kitchener-Mayor,
2018-05-10,https://www.kitchenerpost.ca/news-story/8600619-jan-d-ailly-to-run-for-regional-chair/,Jan d'Ailly to run for regional chair,Waterloo Chronicle,Regional-Chair,
2018-05-03,https://www.kitchenerpost.ca/news-story/8586087-gazzola-planning-to-run-again-for-council-seat/,Gazzola planning to run again for council seat,Kitchener-Post,Kitchener-Ward-03,
2018-07-18,https://www.newhamburgindependent.ca/news-story/8751763-cambridge-councillor-going-to-california-for-stem-cell-therapy/,Cambridge councillor going to California for stem cell therapy,Waterloo Region Record,Cambridge-Ward-06,
2018-07-30,https://www.newhamburgindependent.ca/news-story/8767131-candidate-profile-rose-mailloux-for-ward-1/,Candidate profile: Rose Mailloux for Ward 1,New Hamburg Independent,Wilmot-Ward-01,
2018-07-30,https://www.newhamburgindependent.ca/news-story/8767100-candidate-profile-elliot-fung-for-ward-3/,Candidate profile: Elliot Fung for Ward 3,New Hamburg Independent,Wilmot-Ward-03,
2018-07-27,https://www.newhamburgindependent.ca/news-story/8766977-candidate-profile-john-jordan-for-mayor/,Candidate profile: John Jordan for mayor,New Hamburg Independent,Wilmot-Mayor,
2018-07-27,https://www.newhamburgindependent.ca/news-story/8766147-candidate-profile-angie-hallman-for-ward-1/,Candidate profile: Angie Hallman for Ward 1,New Hamburg Independent,Wilmot-Ward-01,
2018-07-27,https://www.newhamburgindependent.ca/news-story/8765933-candidate-profile-barry-fisher-for-ward-3/,Candidate profile: Barry Fisher for Ward 3,New Hamburg Independent,Wilmot-Ward-03,
2018-07-26,https://www.newhamburgindependent.ca/news-story/8764340-candidate-profile-jennifer-pfenning-for-ward-4-in-wilmot-township/,Candidate profile: Jennifer Pfenning for Ward 4 in Wilmot Township,New Hamburg Independent,Wilmot-Ward-04,
2018-07-20,https://www.newhamburgindependent.ca/news-story/8751060-wellesley-mayor-talks-election-projects-and-future-plans/,"Wellesley mayor talks election, projects, and future plans",New Hamburg Independent,Wellesley-Mayor,
2018-07-13,https://www.newhamburgindependent.ca/news-story/8739019-candidate-profile-steven-martin-for-ward-4/,Candidate profile: Steven Martin for Ward 4,New Hamburg Independent,Wilmot-Ward-04,
2018-07-10,https://www.newhamburgindependent.ca/news-story/8731396-candidate-profile-kris-badrinarayan-for-ward-3/,Candidate profile: Kris Badrinarayan for Ward 3,New Hamburg Independent,Wilmot-Ward-03,
2018-06-25,https://www.newhamburgindependent.ca/news-story/8689714-a-new-name-in-the-ring-for-wellesley-township-mayor/,A new name in the ring for Wellesley Township mayor,New Hamburg Independent,Wellesley-Mayor,
2018-06-14,https://www.newhamburgindependent.ca/news-story/8670405-candidate-profile-mark-murray-for-ward-4/,Candidate profile: Mark Murray for Ward 4,New Hamburg Independent,Wilmot-Ward-04,
2018-06-08,https://www.newhamburgindependent.ca/news-story/8660120-candidate-profile-jeff-gerber-for-ward-4/,Candidate profile: Jeff Gerber for Ward 4,New Hamburg Independent,Wilmot-Ward-04,
2018-05-28,https://www.newhamburgindependent.ca/news-story/8630823-candidate-profile-les-armstrong-for-mayor/,Candidate profile: Les Armstrong for mayor,New Hamburg Independent,Wilmot-Mayor,
2018-05-18,https://www.newhamburgindependent.ca/news-story/8615658-candidate-profile-sharon-mackenzie-for-ward-3/,Candidate profile: Sharon MacKenzie for Ward 3,New Hamburg Independent,Wilmot-Ward-03,
2018-05-16,https://www.newhamburgindependent.ca/news-story/8608512-candidate-profile-cheryl-gordijk-for-ward-2/,Candidate profile: Cheryl Gordijk for Ward 2,New Hamburg Independent,Wilmot-Ward-02,
2018-08-02,https://observerxtra.com/2018/08/02/woolwich-to-see-election-races-in-just-two-wards/,Woolwich to see election races in just two wards,Woolwich Observer,"Woolwich-Ward-02, Woolwich-Ward-01",
2018-07-26,https://observerxtra.com/2018/07/26/newcomers-seemed-poised-to-take-seat-at-the-table/,Newcomers seemed poised to take seat at the table,Woolwich Observer,"Woolwich-Ward-02, SchoolBoard-Public-English-Woolwich-Wellesley",
2018-08-02,https://observerxtra.com/2018/08/02/fourth-candidate-enters-race-for-regional-chair/,Fourth candidate enters race for regional chair,Woolwich Observer,Regional-Chair,
2018-07-12,https://observerxtra.com/2018/07/12/just-one-newcomer-seeking-a-seat-on-woolwich-council/,Just one newcomer seeking a seat on Woolwich council,Woolwich Observer,Woolwich-Ward-01,
2018-07-26,https://observerxtra.com/2018/07/26/three-candidates-are-vying-to-be-regional-chair/,Three candidates are vying to be regional chair,Woolwich Observer,Regional-Chair,
2018-07-19,https://observerxtra.com/2018/07/19/aiming-for-re-election/,Aiming for re-election,Woolwich Observer,Wellesley-Mayor,
2018-07-12,https://observerxtra.com/2018/07/12/therell-be-a-race-for-mayor-in-wellesley/,There’ll be a race for mayor in Wellesley,Woolwich Observer,Wellesley-Mayor,
2018-05-17,https://observerxtra.com/2018/05/17/ken-seiling-to-retire-at-end-of-term/,Ken Seiling to retire at end of term,Woolwich Observer,Regional-Chair,
2018-08-02,https://www.therecord.com/opinion-story/8796059-d-amato-ranked-ballot-on-voting-day-is-no-brainer-/,D'AMATO: Ranked ballot on voting day is ‘no-brainer’,Waterloo Region Record,Cambridge-Referendum,Opinion
2018-07-18,https://www.cambridgetimes.ca/news-story/8749634-former-mpp-kathryn-mcgarry-running-for-cambridge-mayor/,Former MPP Kathryn McGarry running for Cambridge mayor,Cambridge Times,Cambridge-Mayor,
2018-07-20,https://www.cambridgetimes.ca/opinion-story/8752824-cambridge-mayor-s-race-now-one-to-watch/,Cambridge mayor's race now one to watch,Cambridge Times,Cambridge-Mayor,Opinion
2018-08-07,https://www.therecord.com/opinion-story/8802977-d-amato-queen-s-park-calls-the-shots-on-education-so-why-have-locally-elected-trustees-/,"D'AMATO: Queen’s Park calls the shots on education, so why have locally elected trustees?",Waterloo Region Record,"SchoolBoard-Public-English-Cambridge-NorthDumfries,SchoolBoard-Public-English-Kitchener,SchoolBoard-Public-English-Waterloo-Wilmot,SchoolBoard-Public-English-Woolwich-Wellesley",Opinion
2018-07-30,https://www.therecord.com/news-story/8771522-school-boards-see-turnover-as-veteran-trustees-depart/,School boards see turnover as veteran trustees depart,Waterloo Region Record,"SchoolBoard-Public-English-Cambridge-NorthDumfries,SchoolBoard-Public-English-Kitchener,SchoolBoard-Public-English-Waterloo-Wilmot,SchoolBoard-Public-English-Woolwich-Wellesley,SchoolBoard-Catholic-English-Waterloo-Wellesley-Woolwich,SchoolBoard-Public-French,SchoolBoard-Catholic-French",
2018-08-04,https://www.cambridgetimes.ca/news-story/8799403-cambridge-taxpayer-support-group-seeks-change-in-city-budget-process/,Cambridge Taxpayer Support Group seeks change in city budget process,Cambridge Times,Cambridge-Mayor,
2018-07-27,https://www.cambridgetimes.ca/news-story/8766737-plenty-of-cambridge-north-dumfries-candidates-for-october-s-elections/,"Plenty of Cambridge, North Dumfries candidates for October's elections",Cambridge Times,"Cambridge-Mayor,NorthDumfries-Mayor",
2018-07-10,https://www.cambridgetimes.ca/news-story/8734936-public-school-trustees-largely-silent-on-how-they-are-getting-along/,Public school trustees largely silent on how they are getting along,Waterloo Region Record,"SchoolBoard-Public-English-Cambridge-NorthDumfries,SchoolBoard-Public-English-Kitchener,SchoolBoard-Public-English-Waterloo-Wilmot,SchoolBoard-Public-English-Woolwich-Wellesley",
2018-07-14,https://www.cambridgetimes.ca/opinion-story/8741110-the-record-s-view-spare-a-thought-this-summer-for-the-fall-elections/,The Record’s view: Spare a thought this summer for the fall elections,Waterloo Region Record,Regional-Chair,Opinion
2018-08-15,https://www.waterloochronicle.ca/news-story/8839714-regional-council-candidate-bob-oberholtzer-withdraws-as-cancer-returns/,Regional council candidate Bob Oberholtzer withdraws as cancer returns,Waterloo Chronicle,Regional-Waterloo,
2018-08-01,https://www.therecord.com/news-story/8795915-inching-toward-equal-representation-on-council/,Inching toward equal representation on council,Waterloo Region Record,Election-Info,
2018-06-12,https://www.waterloochronicle.ca/news-story/8677948-regional-council-candidate-bob-oberholtzer-promises-to-shut-down-ezra-street-party/,Regional council candidate Bob Oberholtzer promises to shut down Ezra Street party,Waterloo Chronicle,Regional-Waterloo,
2018-06-15,https://www.waterloochronicle.ca/news-story/8674129-rami-said-to-run-for-council-seat-in-uptown/,Rami Said to run for council seat in uptown,Waterloo Chronicle,Waterloo-Ward-07,
2018-06-15,https://www.waterloochronicle.ca/news-story/8673248-former-north-dumfries-mayor-rob-deutschmann-mulling-run-for-regional-chair,Former North Dumfries’ mayor Rob Deutschmann mulling run for regional chair,Kitchener Post,Regional-Chair,
2018-08-17,https://soundcloud.com/user-216833142/communitech-summer-school-civics-101,Communitech Summer School: Civics 101 Audio Recording,Communitech,Election-Info,
2018-05-13,https://www.waterloochronicle.ca/news-story/8601476-jim-erb-former-city-councillor-to-run-for-regional-council/,"Jim Erb, former city councillor, to run for regional council",Waterloo Chronicle,Regional-Waterloo,
2017-10-31,https://www.cambridgetimes.ca/news-story/7765556-cambridge-to-have-referendum-on-ranked-ballot-system/,Cambridge to have referendum on ranked ballot system,Cambridge Times,Cambridge-Referendum,
2018-08-21,https://www.570news.com/2018/08/21/aug-21-municipal-election-back-school-snakes/,"The Jennifer Campbell Show: Aug 21: The Municipal Election, Back-to-School, Snakes",570 News,Self-Promotion,
2018-08-19,https://www.therecord.com/news-story/8847728-techies-mobilizing-for-this-fall-s-municipal-elections-in-waterloo-region/,Techies mobilizing for this fall’s municipal elections in Waterloo Region,Waterloo Region Record,Self-Promotion,
2018-08-18,https://www.cambridgetimes.ca/news-story/8845301-woman-accuses-cambridge-council-candidate-of-harassment/,Woman accuses Cambridge council candidate of harassment,Cambridge Times,Cambridge-Ward-04,
2018-08-21,https://www.cambridgetimes.ca/opinion-story/8849095-political-candidates-should-be-held-to-a-higher-standard-by-the-public/,Political candidates should be held to a higher standard by the public,Cambridge Times,"Cambridge-Ward-04,Cambridge-Ward-02",Opinion
2018-08-08,https://www.aconwr.ca/blog/uncategorized/candidates-for-school-board/,Heritage Preservation Survey (School Trustees),Architectural Conservancy Ontario North Waterloo,-All-SchoolBoards,Comparison
2018-08-15,https://www.aconwr.ca/blog/uncategorized/wilmot-council/,Heritage Preservation Survey (Wilmot Council),Architectural Conservancy Ontario North Waterloo,Alias-Wilmot,Comparison
2018-08-15,https://www.aconwr.ca/blog/uncategorized/candidates-for-waterloo-city-council/,Heritage Preservation Survey (City of Waterloo Council),Architectural Conservancy Ontario North Waterloo,Alias-CityWaterloo,Comparison
2018-08-15,http://www.aconwr.ca/blog/uncategorized/kitchener-council/,Heritage Preservation Survey (Kitchener Council),Architectural Conservancy Ontario North Waterloo,Alias-Kitchener,Comparison
2018-08-16,https://www.aconwr.ca/blog/uncategorized/candidates-for-regional-council/,Heritage Preservation Survey (Regional Councils),Architectural Conservancy Ontario North Waterloo,Alias-All-Regional,Comparison
2018-08-29,https://youtube.com/watch?v=saN3AcA8a9A,Rogers tv Kitchener Ward 10 Debate,Rogers tv,Kitchener-Ward-10,Comparison
2018-08-25,https://www.womensmarchcanada.com/our_list,Women's March Canada Endorsement List,Women's March Canada,"Regional-Waterloo, Kitchener-Ward-09,Waterloo-Ward-05,Regional-Kitchener,Waterloo-Ward-05,Kitchener-Ward-01,SchoolBoard-Public-English-Kitchener,Kitchener-Ward-02,Kitchener-Ward-08",Comparison
2018-08-20,https://www.cambridgetimes.ca/opinion-story/8848412-introducing-prospective-councillors-to-stop-the-lrt-thru-preston-group/,Introducing prospective councillors to Stop the LRT Thru Preston group,Cambridge Times,Alias-Cambridge,Opinion
2018-07-30,https://www.kitchenertoday.com/local-news/group-calling-on-election-candidates-to-protect-the-countryside-line-1001150,Group calling on election candidates to protect the countryside line,Kitchener Today,"Alias-All-Regional, Alias-All-AreaMunicipal",
2018-08-28,https://www.therecord.com/news-story/8866569-trustee-candidate-takes-heat-for-use-of-ndp-email-list/,Trustee candidate takes heat for use of NDP email list,Waterloo Region Record,SchoolBoard-Public-English-Waterloo-Wilmot,
2018-09-01,https://www.cbc.ca/news/canada/kitchener-waterloo/waterloo-region-votes-2018-region-chair-candidates-1.4807139,Waterloo Region Votes: Region chair candidates on why they're running,CBC Kitchener-Waterloo,Regional-Chair,Comparison
2018-08-28,https://www.youtube.com/watch?v=guGqFIvqykY,Rogers tv Cambridge Ward 5 Debate,Rogers tv,Cambridge-Ward-05,Comparison
2018-08-31,https://www.youtube.com/watch?v=UgJed-nPrbQ,Rogers tv Kitchener Ward 6 Paul Singh Statement,Rogers tv,Kitchener-Ward-06,
2018-08-31,https://www.youtube.com/watch?v=CW8vfZXSUBg,Rogers tv Waterloo Ward 3 Debate,Rogers tv,Waterloo-Ward-03,Comparison
2018-08-31,https://www.youtube.com/watch?v=ob75h9Yoq9Y,Rogers tv Waterloo Ward 4 Debate,Rogers tv,Waterloo-Ward-04,Comparison
2018-09-02,https://www.cbc.ca/news/canada/kitchener-waterloo/waterloo-region-votes-2018-cambridge-mayor-candidates-1.4800703,Waterloo Region Votes: Cambridge mayoral candidates on why they're running,CBC Kitchener-Waterloo,Cambridge-Mayor,Comparison
2018-09-02,https://www.cbc.ca/news/canada/kitchener-waterloo/waterloo-region-votes-2018-kitchener-mayor-candidates-1.4807228,Waterloo Region Votes: Kitchener mayoral candidates on why they're running,CBC Kitchener-Waterloo,Kitchener-Mayor,Comparison
2018-09-02,https://www.cbc.ca/news/canada/kitchener-waterloo/waterloo-region-votes-2018-waterloo-mayor-candidates-1.4807265,Waterloo Region Votes: Waterloo mayoral candidates on why they're running,CBC Kitchener-Waterloo,Waterloo-Mayor,Comparison
2018-08-29,https://www.therecord.com/news-story/8869045-online-campaign-aims-to-make-cycling-a-municipal-election-issue/,Online campaign aims to make cycling a municipal election issue,Waterloo Region Record,Alias-All-Regional,
2018-09-03,https://www.therecord.com/news-story/8877460-new-hamburg-residents-fed-up-with-flooding/,New Hamburg residents fed up with flooding,Waterloo Region Record,Alias-Wilmot,
2018-09-05,https://www.holdthelinewr.org/action/,Countryside Line Questionnaire,Hold the Line WR,"Alias-All-AreaMunicipal,Alias-All-Regional",Comparison
2018-09-05,https://kitchener.ctvnews.ca/nith-river-flooding-becomes-electoral-issue-1.4081065,Nith River flooding becomes electoral issue,CTV News Kitchener,Alias-Wilmot,
2018-09-06,https://kitchener.ctvnews.ca/video?clipId=1481806,Not all mayoral candidates live in Cambridge,CTV News Kitchener,Cambridge-Mayor,
2018-09-07,https://www.youtube.com/watch?v=QU_kMtSDlnM,Rogers tv Waterloo Ward 5 Debate,Rogers tv,Waterloo-Ward-05,Comparison
2018-09-06,https://observerxtra.com/2018/09/06/ending-on-a-high-note/,Ending on a high note,Woolwich Observer,Woolwich-Ward-02,
2018-09-10,https://www.therecord.com/news-story/8891544-mcgarry-targets-cambridge-s-top-job/,McGarry targets Cambridge's top job,Waterloo Region Record,Cambridge-Mayor,
2018-09-10,https://www.youtube.com/watch?v=YVheuyTYIGM,Rogers tv Waterloo Ward 1 Debate,Rogers tv,Waterloo-Ward-01,Comparison
2018-09-11,https://www.youtube.com/watch?v=4ZMmkMdY3AQ,Rogers tv Cambridge Regional Councillor Debate,Rogers tv,Regional-Cambridge,Comparison
2018-09-12,https://www.youtube.com/watch?v=Ue8BE_J9J3s,Rogers tv Cambridge Mayor Debate,Rogers tv,Cambridge-Mayor,Comparison
2018-09-12,https://www.youtube.com/watch?v=ioTAwhDclWI,Rogers tv Kitchener Regional Councillor Debate,Rogers tv,Regional-Kitchener,Comparison
2018-09-12,https://www.therecord.com/opinion-story/8895051-d-amato-local-politics-needs-to-hear-from-newcomers-in-tech-sector/,D'Amato: Local politics needs to hear from newcomers in tech sector,Waterloo Region Record,Regional-Waterloo,Opinion
2018-09-14,https://www.youtube.com/watch?v=ex8A6NgdiGY,Rogers tv Waterloo Mayor Debate,Rogers tv,Waterloo-Mayor,Comparison
2018-09-13,https://www.youtube.com/watch?v=8_fgob5sMd0,Rogers tv Kitchener Mayor Debate,Rogers tv,Kitchener-Mayor,Comparison
2018-09-12,https://archive.org/details/allcandidates-2018-09-12-kitchener-ward-09,Working Centre Kitchener Ward 9 All-Candidates Meeting Recording,The Working Centre,Kitchener-Ward-09,Comparison
2018-09-14,https://www.cbc.ca/news/canada/kitchener-waterloo/doug-craig-kathryn-mcgarry-cambridge-mayoral-altered-photo-1.4824049,"Cambridge, Ont., mayor apologizes after image of political rival edited out of campaign photo",CBC,Cambridge-Mayor,
2018-09-15,https://kitchener.ctvnews.ca/cambridge-councillor-considering-secession-1.4095506,Cambridge councillor considering secession,CTV Ktichener,"Cambridge-Ward-08,Alias-All-Regional",Opinion
2018-09-15,https://www.therecord.com/news-story/8903565-should-waterloo-region-be-one-big-city-/,Should Waterloo Region be one big city?,Waterloo Region Record,Alias-All-Regional,Opinion
2018-09-18,https://www.facebook.com/MargaretJohnstonKitchener/videos/238562766837625,Kitchener Ward 8 All-Candidates Meeting Video,Margaret Johnston,Kitchener-Ward-08,Comparison
2018-09-17,https://www.youtube.com/watch?v=zUyd0YWkzrQ,Rogers tv Waterloo Regional Council Debate,Rogers tv,Regional-Waterloo,Comparison
2018-09-19,https://www.youtube.com/watch?v=PsxPGKv93QE,Rogers tv Cambridge Ward 1 Debate,Rogers tv,Cambridge-Ward-01,Comparison
2018-09-19,https://www.youtube.com/watch?v=QTvzPlZ0m4Q,Rogers tv Cambridge Ward 2 Debate,Rogers tv,Cambridge-Ward-02,Comparison
2018-09-13,https://www.waterloochronicle.ca/news-story/8898864--this-is-because-i-know-my-son-would-want-this-for-me-despite-loss-of-son-cj-janice-moore-decides/,"Despite loss of son CJ, Janice Moore decides to stay in the race for council",Waterloo Chronicle,Waterloo-Ward-02,
2018-09-20,https://www.waterloochronicle.ca/news-story/8914389-waterloo-mayoral-candidate-suggests-eliminating-councillors-in-region/,Waterloo mayoral candidate suggests eliminating councillors in region,Waterloo Chronicle,Waterloo-Mayor,
2018-09-20,https://www.kitchenertoday.com/kitchenervotes/no-sunshine-for-kitchener-city-council-candidate-her-unique-middle-name-removed-from-ballot-1054640,No 'Sunshine' for Kitchener city council candidate: Her unique middle name removed from ballot,Kitchener Today,Kitchener-Ward-02,
2018-09-19,https://archive.org/details/allcandidates-2018-09-19-kitchener-ward10,Working Centre Kitchener Ward 10 All-Candidates Meeting Recording,The Working Centre,Kitchener-Ward-10,Comparison
2018-09-21,https://www.youtube.com/watch?v=3mb-U1YBz0g,Rogers tv North Dumfries Mayoral Debate,Rogers tv,NorthDumfries-Mayor,Comparison
2018-09-21,https://www.youtube.com/watch?v=eqG-IXw62aQ,Rogers tv Kitchener Ward 2 Debate,Rogers tv,Kitchener-Ward-02,Comparison
2018-09-20,https://www.youtube.com/watch?v=ua0T1KVofTc,Rogers tv Kitchener Ward 1 Debate,Rogers tv,Kitchener-Ward-01,Comparison
2018-09-13,https://www.wrlc.ca/endorsed_candidates,Waterloo Regional Labour Council Endorsement List,Waterloo Regional Labour Council,Alias-Everything,Comparison
2018-09-23,http://elections.ontarioschooltrustees.org/2018Election/Query.aspx?lang=en&board=Waterloo+Catholic+District+School+Board,Waterloo English Catholic District School Board Candidate Profiles,Ontario School Trustees,Alias-SchoolBoard-Public-Catholic,Comparison
2018-09-23,http://elections.ontarioschooltrustees.org/2018Election/Query.aspx?lang=en&board=Waterloo+Region+District+School+Board,Waterloo Region District School Board Candidate Profiles,Ontario School Trustuees,Alias-SchoolBoard-Public-English,Comparison
2018-09-23,http://elections.ontarioschooltrustees.org/2018Election/Query.aspx?lang=en&board=Conseil+scolaire+catholique+MonAvenir,Conseil scolaire catholique MonAvenir,Ontario School Trustees,SchoolBoard-Catholic-French,Comparison
2018-09-23,http://elections.ontarioschooltrustees.org/2018Election/Query.aspx?lang=en&board=Conseil+scolaire+Viamonde,Conseil scolaire Viamonde,Ontario School Trustees,SchoolBoard-Public-French,Comparison
2018-09-23,https://www.cbc.ca/news/canada/kitchener-waterloo/waterloo-region-votes-issues-cant-do-much-about-1.4833330,4 issues municipal candidates really can't do anything about,CBC Kitchener-Waterloo,Alias-Everything,
2018-09-18,https://www.kitchenerpost.ca/news-story/8909946-municipal-election-2018-kitchener-council-candidates-respond/,We asked all Kitchener city council candidates one simple question: Why should the public vote for you?,Kitchener Post,Alias-Kitchener,Comparison
2018-09-24,https://cbridge.ca/cambridge-election-2018-questions-for-the-candidates/,Cambridge Election 2018 – Questions for the Candidates,Cbridge.ca,"Alias-Cambridge,SchoolBoard-Public-English-Cambridge-NorthDumfries,SchoolBoard-Public-English-Cambridge-NorthDumfries,Regional-Cambridge,Regional-Chair",Comparison
2018-09-24,https://www.youtube.com/watch?v=N32XTNdf02Q,Rogers tv Regional Chair Debate,Rogers tv,Regional-Chair,Comparison
2018-09-24,http://cyclewr.ca/campaigns/sign-the-pledge/,CycleWR list of Pledge Signers,CycleWR,Alias-Everything,Comparison
2018-09-12,https://www.waterloochronicle.ca/news-story/8894093-election-2018-your-waterloo-council-candidates/,Election 2018: Your Waterloo Council Candidates,Waterloo Chronicle,Alias-CityWaterloo,Comparison
2018-09-25,https://www.cbc.ca/news/canada/kitchener-waterloo/female-candidates-meet-in-kitchener-ahead-of-municipal-election-1.4837120,Female candidates meet in Kitchener ahead of municipal election,CBC Kitchener-Waterloo,Alias-Everything,
2018-09-26,https://www.strohack.ca/,Steve Strohack Campaign Withdrawal Message,Steve Strohack,Kitchener-Ward-09,
2018-09-26,https://www.facebook.com/val.f.johnson/videos/10160987722775375/,Wellesley All-Candidates Meeting Recording,Val F Johnson,Alias-Wellesley,Comparison
2018-09-26,https://www.therecord.com/news-story/8928276-complicated-election-in-cambridge-faces-complicated-issues/,Complicated election in Cambridge faces complicated issues,Waterloo Region Record,Cambridge-Mayor,
2018-09-24,https://www.cambridgetimes.ca/news-story/8922323-cambridge-candidate-posts-nude-photo-to-pitch-online-voting/,Cambridge candidate posts nude photo to pitch online voting,Cambridge Times,Cambridge-Ward-07,
2018-09-25,https://www.cambridgetimes.ca/news-story/8922505-meet-the-candidates-in-cambridge-s-ward-1/,Meet the candidates in Cambridge's Ward 1,Cambridge Times,Cambridge-Ward-01,Comparison
2018-09-25,https://www.cambridgetimes.ca/news-story/8924718-meet-the-candidates-in-cambridge-s-ward-2/,Meet the candidates in Cambridge's Ward 2,Cambridge Times,Cambridge-Ward-02,Comparison
2018-09-20,https://www.cambridgetimes.ca/news-story/8914851-carter-working-to-become-cambridge-s-mayor/,Carter working to become Cambridge's mayor,Cambridge Times,Cambridge-Mayor,
2018-09-28,https://www.kitchener.ca/Modules/News/index.aspx?newsId=0b6556e6-7152-42ae-951e-7c9625422fcc,"Kitchener to reprint 19,500 ballots to include candidate’s middle name",City of Kitchener,Kitchener-Ward-02,
2018-09-26,https://www.kitchenerpost.ca/news-story/8927827-geography-familiarity-likely-to-decide-race-for-regional-chair/,"Geography, familiarity likely to decide race for regional chair",Kitchener Post,Regional-Chair,
2018-09-27,https://www.youtube.com/watch?v=zVhyHbsYJ4Y,Rogers tv Cambridge Ward 6 Debate,Rogers tv,Cambridge-Ward-06,Comparison
2018-09-27,https://www.youtube.com/watch?v=JEL-ZdSF-Mw,Rogers tv Kitchener Ward 4 Debate,Rogers tv,Kitchener-Ward-04,Comparison
2018-09-26,https://www.youtube.com/watch?v=B0I5sOG74ks,Rogers tv Cambridge Ward 3 Debate,Rogers tv,Cambridge-Ward-03,Comparison
2018-09-28,https://www.newhamburgindependent.ca/news-story/8932966-all-candidates-meet-in-wellesley/,All candidates meet in Wellesley,New Hamburg Independent,Alias-Wellesley,
2018-09-26,https://archive.org/details/allcandidates-2018-09-26-kitchener-regional-council,Working Centre Kitchener Candidates for Regional Council Meeting Recording,The Working Centre,Regional-Kitchener,Comparison
2018-09-01,https://soundcloud.com/theglobalshuffle/berry-vrbanovic-mayor-of-kitchener,The Global Shuffle Podcast interview with Berry Vrbanovic,The Global Shuffle,Mayor-Kitchener,
2018-09-28,https://soundcloud.com/theglobalshuffle/karen-redman-candidate-for-waterloo-region-chair,The Global Shuffle Podcast inteview with Karen Redman,The Global Shuffle,Regional-Chair,
2018-09-27,https://www.youtube.com/watch?v=JEL-ZdSF-Mw,Rogers tv Kitchener Ward 4 Debate,Rogers tv,Kitchener-Ward-4,Comparison
2018-09-27,https://observerxtra.com/2018/09/27/marking-a-digital-x/,Marking a digital 'X',Woolwich Observer,"Alias-Wellesley,Alias-Woolwich",
2018-09-27,https://www.waterloochronicle.ca/news-story/8930434-how-do-we-get-students-to-vote-/,How do we get students to vote?,Waterloo Chronicle,"Election-Info,Waterloo-Ward-06",
2018-08-29,https://www.wrdsb.ca/wp-content/uploads/2018-08-29-Final-Special-COW-Minutes.pdf,WRDSB Trustee Meeting Minutes and Voting Record regarding recent Ontario Curriculum Changes,Waterloo Region District School Board,Alias-SchoolBoard-Public-English,Comparison
2018-10-01,https://www.youtube.com/watch?v=uZlwSiuRw_Q,Rogers tv Kitchener Ward 3 Debate,Rogers tv,Kitchener-Ward-03,Comparison
2018-10-01,https://www.youtube.com/watch?v=adB6VB0aq6k,Rogers tv Waterloo Ward 6 Debate,Rogers tv,Waterloo-Ward-06,Comparison
2018-10-01,https://www.cambridgetimes.ca/news-story/8936743-ben-tucci-banks-on-financial-experience-to-become-cambridge-s-next-mayor/,Ben Tucci banks on financial experience to become Cambridge's next mayor,Cambridge Times,Cambridge-Mayor,
2018-10-03,https://www.youtube.com/watch?v=-_zNEJnp4dc,Rogers tv Waterloo Ward 7 Debate,Rogers tv,Waterloo-Ward-07,Comparison
2018-10-03,https://www.youtube.com/watch?v=y0aLUbzpo8A,Rogers tv Cambridge Ward 8 Debate,Rogers tv,Cambridge-Ward-08,Comparison
2018-10-03,https://www.youtube.com/watch?v=_SXre79eo1E,Rogers tv Kitchener Ward 5 Debate,Rogers tv,Kitchener-Ward-05,Comparison
2018-10-03,https://www.youtube.com/watch?v=1kcsSYeo51Q,Rogers tv Kitchener Ward 8 Debate,Rogers tv,Kitchener-Ward-08,Comparison
2018-09-30,https://spokeonline.com/2018/09/kitchener-ward-10-voters-call-for-responsiveness-transparency/,"Kitchener Ward 10 voters call for responsiveness, transparency",Spoke Online,Kitchener-Ward-10,
2018-10-03,https://www.waterloochronicle.ca/community-story/8943235-waterlooregionvotes-org-helps-voters-inform-themselves-before-municipal-election/,WaterlooRegionVotes.org helps voters inform themselves before municipal election,Waterloo Chronicle,Self-Promotion,
2018-10-06,https://www.therecord.com/opinion-story/8949392-cambridge-must-choose-between-honey-and-vinegar/,Cambridge must choose between honey and vinegar,Waterloo Region Record,Cambridge-Mayor,Opinion
2018-09-30,https://youtu.be/qkqX4tTG1Bw,Social Development Centre Meet the Candidates Videos - Kitchener Mayor,Social Development Centre Kitchener-Waterloo,Kitchener-Mayor,Comparison
2018-09-30,https://youtu.be/zGz-ZCz8VBo,Social Development Centre Meet the Candidates Videos - Kitchener Regional Council,Social Development Centre Kitchener-Waterloo,Regional-Kitchener,Comparison
2018-09-30,https://youtu.be/A80zgjQqzKw,Social Development Centre Meet the Candidates Videos - Regional Chair,Social Development Centre Kitchener-Waterloo,Regional-Chair,Comparison
2018-09-30,http://waterlooregion.org/notes-videos-kitchener-candidates-september-30,Social Development Centre Meet the Candidates - Notes,Social Development Centre Kitchener-Waterloo,"Regional-Chair,Kitchener-Mayor,Regional-Kitchener",
2018-10-03,https://www.kitchenerpost.ca/news-story/8943141--right-government-needed-to-close-costly-union-loophole-at-region/,'Right government' needed to close costly union loophole at region,Kitchener Post,Regional-Chair,
2018-10-04,https://kitchener.ctvnews.ca/video?clipId=1505709&binId=1.1147261&playlistPageNum=1,Arts hot topic at cultural exchange,CTV Kitchener,"Regional-Chair,Kitchener-Mayor,Kitchener-Ward-09,Kitchener-Ward-10",
2018-10-05,https://www.cambridgetimes.ca/news-story/8948299-regional-chair-candidates-promise-cambridge-will-be-heard/,Regional chair candidates promise Cambridge will be heard,Cambridge Times,"Regional-Chair,Cambridge-Mayor",
2018-10-05,https://www.newhamburgindependent.ca/news-story/8948212-wilmot-mayoral-candidates-square-off-as-election-nears/,Wilmot mayoral candidates square off as election nears,New Hamburg Independent,Wilmot-Mayor,Comparison
2018-10-02,https://icreate7.esolutionsgroup.ca/11111082_ImmigrationWaterlooRegion/en/business-opportunities/resources/Events-and-Initiatives/Elections/Municipal_Elections_2018_Candidate_Survey_Results.pdf,Immigration Waterloo Region Questionnaire,Immigration Waterloo Region,"Alias-All-AreaMunicipal,Alias-All-Regional",Comparison
2018-10-05,https://www.youtube.com/watch?v=ju4dgXMLQ_k,Township of Wilmot Mayoral Debate,Rogers tv,Wilmot-Mayor,Comparison
2018-10-05,https://www.youtube.com/watch?v=HMB6irsMaiw,Township of Wellesley Mayoral Debate,Rogers tv,Wellesley-Mayor,Comparison
2018-10-03,https://www.cambridgetimes.ca/news-story/8942650-electoral-reform-referendum-question-to-appear-on-cambridge-election-ballot/,Electoral reform referendum question to appear on Cambridge election ballot,Cambridge Times,Cambridge-Referendum,
2018-09-27,https://thenewspirit.ca/2018/09/27/the-region-of-waterloo-retirement-of-long-time-regional-chair-brings-changes-to-urban-and-rural-relationships/,The Region of Waterloo: Retirement of Long-time Regional Chair Brings Changes to Urban and Rural Relationships,The New Spirit,Regional-Chair,
2018-10-03,https://www.cambridgetimes.ca/news-story/8940989-colin-tucker-wants-to-clean-up-cambridge-as-mayor/,Colin Tucker wants to clean up Cambridge as mayor,Cambridge Times,Cambridge-Mayor,
2018-09-30,https://www.therecord.com/news-story/8935699-informal-candidate-interviews-gaining-traction-on-facebook/,Informal candidate interviews gaining traction on Facebook,Waterloo Region Record,"Alias-All-AreaMunicipal,Alias-All-Regional",
2018-10-04,http://www.etfowr.ca/kitacf_video,Kitchener All-Candidates Forum Intro Videos,Elementary Teachers' Federation of Ontario - Waterloo Region,SchoolBoard-Public-English-Kitchener,Comparison
2018-10-02,http://www.etfowr.ca/watacf_video,Waterloo All-Candidates Forum Intro Videos,Elementary Teachers' Federation of Ontario - Waterloo Region,SchoolBoard-Public-English-Waterloo-Wilmot,Comparison
2018-03-05,https://www.waterloochronicle.ca/opinion-story/8298170-seems-like-the-time-to-listen-is-over/,Seems like the time to listen is over,Waterloo Chronicle,Waterloo-Mayor,Opinion
2018-10-04,https://www.kitchenerpost.ca/news-story/8945097-crowdfunding-campaign-launched-to-conduct-regional-chair-poll/,"Crowdfunding campaign launched to conduct regional chair poll:Goal to raise $1,000 by Oct. 13 ",Kitchener Post,Regional-Chair,
2018-10-02,https://www.cambridgetimes.ca/news-story/8937712-cambridge-mayor-doug-craig-stands-by-record-at-realtors-debate/,Cambridge Mayor Doug Craig stands by record at Realtors' debate,Cambridge Times,Cambridge-Mayor,
2018-10-01,https://www.cambridgetimes.ca/news-story/8935639-meet-the-candidates-in-cambridge-s-ward-4,Meet the candidates in Cambridge's Ward 4,Cambridge Times,Cambridge-Ward-04,Comparison
2018-10-01,https://www.cambridgetimes.ca/news-story/8935838-meet-the-candidates-in-cambridge-s-ward-5/,Meet the candidates in Cambridge's Ward 5,Cambridge Times,Cambridge-Ward-05,Comparison
2018-10-02,https://www.cambridgetimes.ca/news-story/8935972-meet-the-candidates-in-cambridge-s-ward-6/,Meet the candidates in Cambridge's Ward 6,Cambridge Times,Cambridge-Ward-06,Comparison
2018-10-02,https://www.cambridgetimes.ca/news-story/8939506-meet-the-candidates-in-cambridge-s-ward-7/,Meet the candidates in Cambridge's Ward 7,Cambridge Times,Cambridge-Ward-07,Comparison
2018-10-03,https://www.cambridgetimes.ca/news-story/8939756-meet-the-candidates-in-cambridge-s-ward-8/,Meet the candidates in Cambridge's Ward 8,Cambridge Times,Cambridge-Ward-08,Comparison
2018-10-06,https://www.cambridgetimes.ca/news-story/8948329-cambridge-and-north-dumfries-promote-confidence-in-online-voting/,Cambridge and North Dumfries promote confidence in online voting,Cambridge Times,"Alias-Cambridge,Alias-NorthDumfries,Election-Info",
2018-09-26,https://www.cambridgetimes.ca/news-story/8927163-cambridge-offers-voters-three-ways-to-cast-their-ballots/,Cambridge offers voters three ways to cast their ballots,Cambridge Times,"Alias-Cambridge,Election-Info",
2018-09-28,https://www.cambridgetimes.ca/news-story/8925125-meet-the-candidates-in-cambridge-s-ward-3/,Meet the candidates in Cambridge's Ward 3,Cambridge Times,Cambridge-Ward-03,Comparison
2018-10-04,https://observerxtra.com/2018/10/04/wellesley-residents-got-to-meet-the-candidates/,Wellesley residents got to meet the candidates,Woolwich Observer,Alias-Wellesley,
2018-10-05,https://www.facebook.com/hannahcarter/videos/10156127794025735/,Debbie Chapman: Tea with Hannah Marie,Facebook,Kitchener-Ward-09,
2018-10-04,https://www.facebook.com/hannahcarter/videos/10156125615100735/,Dave Jaworsky: Tea with Hannah Marie,Facebook,Waterloo-Mayor,
2018-10-05,https://www.facebook.com/hannahcarter/videos/10156128009605735/,Susan Stark: Tea with Hannah Marie,Facebook,Kitchener-Ward-01,
2018-10-03,https://www.facebook.com/hannahcarter/videos/10156122667910735/,Jim Erb: Tea with Hannah Marie,Facebook,Regional-Waterloo,
2018-10-05,https://www.facebook.com/hannahcarter/videos/10156127903550735/,Ted Martin: Tea with Hannah Marie,Facebook,Regional-Kitchener,
2018-10-05,https://www.facebook.com/hannahcarter/videos/10156127684510735/,Tenille Bonoguore: Tea with Hannah Marie,Facebook,Waterloo-Ward-07,
2018-10-02,https://www.facebook.com/hannahcarter/videos/10156121103290735/,Samir Alazzam: Tea with Hanna Marie,Facebook,Alias-SchoolBoard-Public-English,
2018-10-02,https://www.facebook.com/hannahcarter/videos/10156121165925735/,Sean Strickland: Tea with Hannah Marie,Facebook,Regional-Waterloo,
2018-10-02,https://www.facebook.com/hannahcarter/videos/10156120918460735/,Kelly Steiss: Tea with Hannah Marie,Facebook,Waterloo-Mayor,
2018-10-02,https://www.facebook.com/hannahcarter/videos/10156120790430735/,Margaret Johnston: Tea with Hannah Marie,Facebook,Kitchener-Ward-08,
2018-10-02,https://www.facebook.com/hannahcarter/videos/10156121308415735/,Jan d'Ailly: Tea with Hannah Marie,Facebook,Regional-Chair,
2018-10-02,https://www.facebook.com/hannahcarter/videos/10156120498935735/,Melissa Bowman: Tea with Hannah Marie,Facebook,Kitchener-Ward-09,
2018-10-01,https://www.facebook.com/hannahcarter/videos/10156118209720735/,Jane Mitchell: Tea with Hannah Marie,Facebook,Regional-Waterloo,
2018-10-01,https://www.facebook.com/hannahcarter/videos/10156118368140735/,Beisan Zubi: Tea with Hannah Marie,Facebook,Regional-Waterloo,
2018-10-01,https://www.facebook.com/hannahcarter/videos/10156118013120735/,Jay Aissa: Tea with Hannah Marie,Facebook,Regional-Chair,
2018-09-28,https://www.facebook.com/hannahcarter/videos/10156111811115735/,Adam McCarthy: Tea with Hannah Marie,Facebook,Waterloo-Ward-01,
2018-09-28,https://www.facebook.com/hannahcarter/videos/10156102840795735/,Sandra Hamner: Tea with Hannah Marie,Facebook,Waterloo-Ward-01,
2018-09-28,https://www.facebook.com/hannahcarter/videos/10156111909245735/,Chris Kolednik: Tea with Hannah Marie,Facebook,Waterloo-Mayor,
2018-09-27,https://www.facebook.com/hannahcarter/videos/10156109106735735/,Rob Deutschmann: Tea with Hannah Marie,Facebook,Regional-Chair,
2018-09-25,https://www.facebook.com/hannahcarter/videos/10156105285745735/,Rob Parent: Tea with Hannah Marie,Facebook,Waterloo-Ward-01,
2018-10-10,https://www.therecord.com/news-story/8957775-kitchener-holds-advance-polls-at-shelter-soup-kitchen/,"Kitchener holds advance polls at shelter, soup kitchen",Waterloo Region Record,Election-Info,
2018-10-10,https://www.newhamburgindependent.ca/news-story/8957270-wilmot-township-votes-your-2018-candidates-for-council-and-mayor,Wilmot Township votes: Your 2018 candidates for council and mayor,New Hamburg Independent,Alias-Wilmot,Comparison
2018-10-10,https://www.cbc.ca/news/canada/kitchener-waterloo/waterloo-votes-mayoral-closed-door-budget-meetings-2014-1.4855964,"Mayor responsible for 'started with secret budget meetings, illegal backroom dealings': Steiss",CBC,Waterloo-Mayor,
2018-10-10,https://www.therecord.com/news-story/8957421-meet-the-candidates-in-waterloo-region/,Meet the candidates in Waterloo Region,Waterloo Region Record,"Alias-All-AreaMunicipal,Alias-All-Regional",Comparison
2018-10-10,https://www.cbc.ca/news/canada/kitchener-waterloo/waterloo-region-votes-2018-hear-where-regional-candidates-stand-on-the-issues-1.4855755,Waterloo Region Votes 2018: Hear where regional candidates stand on the issues,CBC,Regional-Chair,Comparison
2018-08-21,https://www.kitchenertoday.com/local-news/techies-trying-to-get-the-vote-out-this-fall-1021665,Techies trying to get the vote out this fall,Kitchener Today,Self-Promotion,
2018-10-07,https://www.cbc.ca/news/canada/kitchener-waterloo/fire-department-waterloo-region-regional-chair-candidates-1.4850338,Should firefighting be a regional service? Regional chair candidates weigh in,CBC,Regional-Chair,
2018-10-10,https://www.facebook.com/hannahcarter/videos/10156140137010735/,Stephanie Stretch: Tea with Hannah Marie,Facebook,Kitchener-Ward-01,
2018-10-10,https://www.facebook.com/hannahcarter/videos/10156140234710735/,Sarah Marsh: Tea with Hannah Marie,Facebook,Kitchener-Ward-10,
2018-10-11,http://tritag.ca/election2018/#chair,TriTAG 2018 Municipal Election Candidates' Survey,TriTAG,Regional-Chair,Comparison
2018-10-11,http://tritag.ca/election2018/#Kitchener-mayor,TriTAG 2018 Municipal Election Candidates' Survey,TriTAG,Kitchener-Mayor,Comparison
2018-10-11,http://tritag.ca/election2018/#Kitchener-regional-councillor,TriTAG 2018 Municipal Election Candidates' Survey,TriTAG,Regional-Kitchener,Comparison
2018-10-11,http://tritag.ca/election2018/#Kitchener-1-city-councillor,TriTAG 2018 Municipal Election Candidates' Survey,TriTAG,Kitchener-Ward-01,Comparison
2018-10-11,http://tritag.ca/election2018/#Kitchener-2-city-councillor,TriTAG 2018 Municipal Election Candidates' Survey,TriTAG,Kitchener-Ward-02,Comparison
2018-10-11,http://tritag.ca/election2018/#Kitchener-3-city-councillor,TriTAG 2018 Municipal Election Candidates' Survey,TriTAG,Kitchener-Ward-03,Comparison
2018-10-11,http://tritag.ca/election2018/#Kitchener-4-city-councillor,TriTAG 2018 Municipal Election Candidates' Survey,TriTAG,Kitchener-Ward-04,Comparison
2018-10-11,http://tritag.ca/election2018/#Kitchener-5-city-councillor,TriTAG 2018 Municipal Election Candidates' Survey,TriTAG,Kitchener-Ward-05,Comparison
2018-10-11,http://tritag.ca/election2018/#Kitchener-6-city-councillor,TriTAG 2018 Municipal Election Candidates' Survey,TriTAG,Kitchener-Ward-06,Comparison
2018-10-11,http://tritag.ca/election2018/#Kitchener-7-city-councillor,TriTAG 2018 Municipal Election Candidates' Survey,TriTAG,Kitchener-Ward-07,Comparison
2018-10-11,http://tritag.ca/election2018/#Kitchener-8-city-councillor,TriTAG 2018 Municipal Election Candidates' Survey,TriTAG,Kitchener-Ward-08,Comparison
2018-10-11,http://tritag.ca/election2018/#Kitchener-9-city-councillor,TriTAG 2018 Municipal Election Candidates' Survey,TriTAG,Kitchener-Ward-09,Comparison
2018-10-11,http://tritag.ca/election2018/#Kitchener-10-city-councillor,TriTAG 2018 Municipal Election Candidates' Survey,TriTAG,Kitchener-Ward-10,Comparison
2018-10-11,http://tritag.ca/election2018/#Waterloo-mayor,TriTAG 2018 Municipal Election Candidates' Survey,TriTAG,Waterloo-Mayor,Comparison
2018-10-11,http://tritag.ca/election2018/#Waterloo-regional-councillor,TriTAG 2018 Municipal Election Candidates' Survey,TriTAG,Regional-Waterloo,Comparison
2018-10-11,http://tritag.ca/election2018/#Waterloo-1-city-councillor,TriTAG 2018 Municipal Election Candidates' Survey,TriTAG,Waterloo-Ward-01,Comparison
2018-10-11,http://tritag.ca/election2018/#Waterloo-2-city-councillor,TriTAG 2018 Municipal Election Candidates' Survey,TriTAG,Waterloo-Ward-02,Comparison
2018-10-11,http://tritag.ca/election2018/#Waterloo-3-city-councillor,TriTAG 2018 Municipal Election Candidates' Survey,TriTAG,Waterloo-Ward-03,Comparison
2018-10-11,http://tritag.ca/election2018/#Waterloo-4-city-councillor,TriTAG 2018 Municipal Election Candidates' Survey,TriTAG,Waterloo-Ward-04,Comparison
2018-10-11,http://tritag.ca/election2018/#Waterloo-5-city-councillor,TriTAG 2018 Municipal Election Candidates' Survey,TriTAG,Waterloo-Ward-05,Comparison
2018-10-11,http://tritag.ca/election2018/#Waterloo-6-city-councillor,TriTAG 2018 Municipal Election Candidates' Survey,TriTAG,Waterloo-Ward-06,Comparison
2018-10-11,http://tritag.ca/election2018/#Waterloo-7-city-councillor,TriTAG 2018 Municipal Election Candidates' Survey,TriTAG,Waterloo-Ward-07,Comparison
2018-10-11,http://tritag.ca/election2018/#Cambridge-mayor,TriTAG 2018 Municipal Election Candidates' Survey,TriTAG,Cambridge-Mayor,Comparison
2018-10-11,http://tritag.ca/election2018/#Cambridge-regional-councillor,TriTAG 2018 Municipal Election Candidates' Survey,TriTAG,Regional-Cambridge,Comparison
2018-10-11,http://tritag.ca/election2018/#Cambridge-1-city-councillor,TriTAG 2018 Municipal Election Candidates' Survey,TriTAG,Cambridge-Ward-01,Comparison
2018-10-11,http://tritag.ca/election2018/#Cambridge-2-city-councillor,TriTAG 2018 Municipal Election Candidates' Survey,TriTAG,Cambridge-Ward-02,Comparison
2018-10-11,http://tritag.ca/election2018/#Cambridge-3-city-councillor,TriTAG 2018 Municipal Election Candidates' Survey,TriTAG,Cambridge-Ward-03,Comparison
2018-10-11,http://tritag.ca/election2018/#Cambridge-4-city-councillor,TriTAG 2018 Municipal Election Candidates' Survey,TriTAG,Cambridge-Ward-04,Comparison
2018-10-11,http://tritag.ca/election2018/#Cambridge-5-city-councillor,TriTAG 2018 Municipal Election Candidates' Survey,TriTAG,Cambridge-Ward-05,Comparison
2018-10-11,http://tritag.ca/election2018/#Cambridge-6-city-councillor,TriTAG 2018 Municipal Election Candidates' Survey,TriTAG,Cambridge-Ward-06,Comparison
2018-10-11,http://tritag.ca/election2018/#Cambridge-7-city-councillor,TriTAG 2018 Municipal Election Candidates' Survey,TriTAG,Cambridge-Ward-07,Comparison
2018-10-11,http://tritag.ca/election2018/#Cambridge-8-city-councillor,TriTAG 2018 Municipal Election Candidates' Survey,TriTAG,Cambridge-Ward-08,Comparison
2018-10-11,http://tritag.ca/election2018/#NorthDumfries-mayor,TriTAG 2018 Municipal Election Candidates' Survey,TriTAG,NorthDumfries-Mayor,Comparison
2018-10-11,http://tritag.ca/election2018/#NorthDumfries-1-city-councillor,TriTAG 2018 Municipal Election Candidates' Survey,TriTAG,NorthDumfries-Ward-01,Comparison
2018-10-11,http://tritag.ca/election2018/#NorthDumfries-2-city-councillor,TriTAG 2018 Municipal Election Candidates' Survey,TriTAG,NorthDumfries-Ward-02,Comparison
2018-10-11,http://tritag.ca/election2018/#NorthDumfries-3-city-councillor,TriTAG 2018 Municipal Election Candidates' Survey,TriTAG,NorthDumfries-Ward-03,Comparison
2018-10-11,http://tritag.ca/election2018/#NorthDumfries-4-city-councillor,TriTAG 2018 Municipal Election Candidates' Survey,TriTAG,NorthDumfries-Ward-04,Comparison
2018-10-11,http://tritag.ca/election2018/#Wellesley-mayor,TriTAG 2018 Municipal Election Candidates' Survey,TriTAG,Wellesley-Mayor,Comparison
2018-10-11,http://tritag.ca/election2018/#Wellesley-1-city-councillor,TriTAG 2018 Municipal Election Candidates' Survey,TriTAG,Wellesley-Ward-01,Comparison
2018-10-11,http://tritag.ca/election2018/#Wellesley-2-city-councillor,TriTAG 2018 Municipal Election Candidates' Survey,TriTAG,Wellesley-Ward-02,Comparison
2018-10-11,http://tritag.ca/election2018/#Wellesley-3-city-councillor,TriTAG 2018 Municipal Election Candidates' Survey,TriTAG,Wellesley-Ward-03,Comparison
2018-10-11,http://tritag.ca/election2018/#Wellesley-4-city-councillor,TriTAG 2018 Municipal Election Candidates' Survey,TriTAG,Wellesley-Ward-04,Comparison
2018-10-11,http://tritag.ca/election2018/#Wilmot-mayor,TriTAG 2018 Municipal Election Candidates' Survey,TriTAG,Wilmot-Mayor,Comparison
2018-10-11,http://tritag.ca/election2018/#Wilmot-1-city-councillor,TriTAG 2018 Municipal Election Candidates' Survey,TriTAG,Wilmot-Ward-01,Comparison
2018-10-11,http://tritag.ca/election2018/#Wilmot-2-city-councillor,TriTAG 2018 Municipal Election Candidates' Survey,TriTAG,Wilmot-Ward-02,Comparison
2018-10-11,http://tritag.ca/election2018/#Wilmot-3-city-councillor,TriTAG 2018 Municipal Election Candidates' Survey,TriTAG,Wilmot-Ward-03,Comparison
2018-10-11,http://tritag.ca/election2018/#Wilmot-4-city-councillor,TriTAG 2018 Municipal Election Candidates' Survey,TriTAG,Wilmot-Ward-04,Comparison
2018-10-11,http://tritag.ca/election2018/#Woolwich-mayor,TriTAG 2018 Municipal Election Candidates' Survey,TriTAG,Woolwich-Mayor,Comparison
2018-10-11,http://tritag.ca/election2018/#Woolwich-1-city-councillor,TriTAG 2018 Municipal Election Candidates' Survey,TriTAG,Woolwich-Ward-01,Comparison
2018-10-11,http://tritag.ca/election2018/#Woolwich-2-city-councillor,TriTAG 2018 Municipal Election Candidates' Survey,TriTAG,Woolwich-Ward-02,Comparison
2018-10-11,http://tritag.ca/election2018/#Woolwich-3-city-councillor,TriTAG 2018 Municipal Election Candidates' Survey,TriTAG,Woolwich-Ward-03,Comparison
2018-10-10,https://www.youtube.com/watch?v=gor08yxTAuc,Rogers tv Kitchener Ward 9 Debate,Rogers tv,Kitchener-Ward-09,Comparison
2018-10-10,https://www.youtube.com/watch?v=yXaHNc08zIk,Rogers tv Kitchener Ward 7 Debate,Rogers tv,Kitchener-Ward-07,Comparison
2018-10-02,https://www.youtube.com/watch?v=YjbZHxobyJw,Rogers tv Cambridge Ward 7 Debate,Rogers tv,Cambridge-Ward-07,Comparison
2018-10-13,https://archive.org/details/allcandidates-2018-10-10-regional-chair,Working Centre Regional Chair All-Candidates Meeting Recording,The Working Centre,Regional-Chair,Comparison
2018-10-09,https://www.waterloochronicle.ca/news-story/8953536-waterloo-regional-council-candidates-spar-on-twitter/,Waterloo regional council candidates spar on Twitter,Waterloo Chronicle,Regional-Waterloo,
2018-10-09,https://www.newhamburgindependent.ca/news-story/8954159-wilmot-mayoral-candidate-apologizes-for-ethnic-slur/,Wilmot mayoral candidate apologizes for ethnic slur,New Hamburg Independent,Wilmot-Mayor,
2018-10-11,https://www.waterloochronicle.ca/news-story/8959130-flooding-response-dominates-ward-4-debate/,Flooding response dominates Ward 4 debate,New Hamburg Independent,"Wilmot-Mayor,Wilmot-Ward-04",
2018-10-11,https://observerxtra.com/2018/10/11/woolwich-residents-get-a-chance-to-meet-and-quiz-election-candidates/,Woolwich residents get a chance to meet and quiz election candidates,Woolwich Observer,Alias-Woolwich,
2018-10-12,https://www.youtube.com/watch?v=fDe0EjApHnM,Rogers tv Waterloo Ward 2 Debate,Rogers tv,Waterloo-Ward-02,Comparison
2018-10-12,https://www.youtube.com/watch?v=skZYCn87PNo,Rogers tv Cambridge Ward 4 Debate,Rogers tv,Cambridge-Ward-04,Comparison
2018-10-12,http://www.cambridgechamber.com/2018MunicipalElectionCandidates.htm,Cambridge Chamber of Commerce Candidate Interview,Cambridge Chamber of Commerce,"Alias-Cambridge,Regional-Chair,Regional-Cambridge",Comparison
2018-10-11,https://www.facebook.com/hannahcarter/videos/10156142143690735/,Kari Williams: Tea with Hannah Marie,Facebook,Regional-Kitchener,
2018-10-11,https://www.facebook.com/hannahcarter/videos/10156142290000735/,Karen Redman: Tea with Hannah Marie,Facebook,Regional-Chair,
2018-10-12,https://www.facebook.com/hannahcarter/videos/10156144988640735/,Royce Bodaly: Tea with Hannah Marie,Facebook,Waterloo-Ward-02,
2018-10-12,https://www.facebook.com/hannahcarter/videos/10156144576090735/,Christine Michaud: Tea with Hannah Marie,Facebook,Kitchener-Ward-04,
2018-10-12,https://www.facebook.com/hannahcarter/videos/10156144690740735/,Tom Galloway: Tea with Hannah Marie,Facebook,Regional-Kitchener,
2018-10-13,https://www.cambridgetimes.ca/news-story/8962643-cambridge-resident-questions-security-of-online-voting/,Cambridge resident questions security of online voting,Cambridge Times,Election-Info,
2018-10-14,https://www.cbc.ca/news/canada/kitchener-waterloo/regional-chair-candidates-affordable-housing-1.4860734,"Affordable housing is the top issue in Waterloo region, chair candidates say",CBC,Regional-Chair,
2018-10-14,https://www.reddit.com/r/waterloo/comments/9o21mr/im_karen_redman_and_i_am_running_for_chair_of/,Karen Redman Reddit AMA (Ask me anything),Reddit,Regional-Chair,
2018-10-12,https://www.therecord.com/opinion-story/8962648-think-transit-when-you-vote-oct-22/,Think transit when you vote Oct. 22,Waterloo Region Record,Alias-All-Regional,Opinion
2018-10-13,https://www.therecord.com/opinion-story/8962978-it-takes-courage-to-run-for-council-while-wearing-a-hijab/,It takes courage to run for council while wearing a hijab,Waterloo Region Record,Regional-Waterloo,Opinion
2018-10-15,https://tvo.org/video/programs/the-agenda-with-steve-paikin/the-best-mayor-for-cambridge,TVO The Agenda: The Best Mayor for Cambridge,TVO The Agenda,Cambridge-Mayor,Comparison
2018-10-15,https://www.youtube.com/watch?v=2w946sX8Q_M,Social Development Centre Meet the Candidates Waterloo - Regional Chair,Social Development Centre Kitchener-Waterloo,Regional-Chair,Comparison
2018-10-15,https://www.youtube.com/watch?v=akkrcrL8yLQ,Social Development Centre Meet the Candidates Waterloo - Waterloo Mayor,Social Development Centre Kitchener-Waterloo,Waterloo-Mayor,Comparison
2018-10-15,https://www.etfowr.ca/camacf_intro,Cambridge All-Candidates Forum Intro Videos,Elementary Teachers' Federation of Ontario - Waterloo Region,SchoolBoard-Public-English-Cambridge-NorthDumfries,Comparison
2018-10-14,https://www.youtube.com/watch?v=efyngTPbTCk,Jan d'Ailly speaks before Cambridge Chamber of Commerce,Mushure Raynor,Regional-Chair,
2018-10-14,https://issuu.com/kitchenercitizen/docs/kitchenercitizenoct18prnt,Kitchener Citizen candidate profiles (See page 20 onwards),Kitchener Citizen,"Regional-Kitchener,Regional-Chair,Alias-Kitchener",Comparison
2018-10-17,https://wrgreens.wordpress.com/2018/10/17/survey-results-candidates-seeking-regional-chair-position-in-wr/,Waterloo Greens Questionnaire on the Environment,Waterloo Region Green Party,Regional-Chair,Comparison
2018-10-15,http://learnwithme.co/initiatives/awareness-campaign-region-of-waterloo-candidate-responses-re-ems-letter/,Emergency Medical Services Response Time Questionnaire,Jamie Moffatt,"Alias-All-Regional,Cambridge-Mayor,Kitchener-Mayor,Waterloo-Mayor,Wilmot-Mayor,Wellesley-Mayor,NorthDumfries-Mayor,Woolwich-Mayor",Comparison
2018-10-16,https://www.kitchenerpost.ca/news-story/8968227-open-wounds-left-in-laurelwood-after-muslim-prayer-centre-debacle-candidates-hear/,"Open wounds left in Laurelwood after Muslim prayer centre debacle, candidates hear",Waterloo Chronicle,Waterloo-Ward-02,
2018-10-16,https://www.cambridgetimes.ca/news-story/8968973-meet-the-candidates-running-in-north-dumfries/,Meet the candidates running in North Dumfries,Cambridge Times,Alias-NorthDumfries,Comparison
2018-10-17,https://www.cambridgetimes.ca/news-story/8971298-all-candidates-have-their-say-in-north-dumfries-debate/,All candidates have their say in North Dumfries debate,Cambridge Times,Alias-NorthDumfries,
2018-10-18,https://www.cbc.ca/news/canada/kitchener-waterloo/waterloo-region-votes-why-we-dont-vote-1.4867100,Why we don't vote: low turnout for municipal elections a puzzle,CBC,"Election-Info,Self-Promotion",
2018-10-18, https://spokeonline.com/2018/10/regional-council-candidates-signs-become-vandalism-target/,Regional council candidate’s signs become vandalism target,Spoke Online,Regional-Cambridge,
2018-10-18,https://www.youtube.com/watch?v=FF8wA2WLkSA,Waterloo Mayor and Regional Council Forum Recording,Greater KW Chamber of Commerce,"Waterloo-Mayor,Regional-Waterloo",Comparison
2018-10-18,https://threehundredthirtyeight.com/karen-redman-leads-in-waterloo-region-chair-race,Karen Redman Leads in Waterloo Region Chair Race,threehundredthirtyeight.com,Regional-Chair,Comparison
2018-10-19,https://www.youtube.com/watch?v=9GlHknFCPPA,Kitchener Mayor and Regional Council Forum Recording,Greater KW Chamber of Commerce,"Kitchener-Mayor,Regional-Kitchener",Comparison
2018-10-16,https://tsgcambridge.wordpress.com/questionnaire-results/,Cambridge Taxpayers Support Group Questionnaire Results,Cambridge Taxpayer Support Group,Alias-Cambridge,Comparison
2018-10-19,https://www.youtube.com/watch?v=qEiy_tiN41w,Why aren't you voting in municipal elections?,CBC,Self-Promotion,
2018-10-18,https://www.facebook.com/CBCKW891/videos/1919211671519978,Panel Discussion on Voter Engagement,CBC,Self-Promotion,
2018-10-19,https://old.reddit.com/r/uwaterloo/comments/9pebgy/im_jeff_henry_and_i_am_running_for_reelection_as/,Jeff Henry Reddit Ask Me Anything,Reddit,Waterloo-Ward-06,
2018-10-15,https://cbridge.ca/why-vote-yes-on-cambridges-ranked-ballot-referendum-question/,Why Vote “Yes” On Cambridge’s Ranked Ballot Referendum Question?,Cbridge.ca,Cambridge-Referendum,Opinion
2018-10-17,https://www.kitchenertoday.com/kitchenervotes/regional-chair-candidates-forum-on-570-news-1089015,Regional chair candidates forum on 570 NEWS,Kitchener Today,Regional-Chair,Comparison
2018-10-16,https://www.kitchenertoday.com/kitchenervotes/waterloo-mayoral-candidates-forum-on-570-news-1087339,Waterloo mayoral candidates forum on 570 NEWS,Kitchener Today,Waterloo-Mayor,Comparison
2018-10-15,https://www.kitchenertoday.com/kitchenervotes/kitchener-mayoral-candidates-forum-on-570-news-1085706,Kitchener mayoral candidates forum on 570 NEWS,Kitchener Today,Kitchener-Mayor,Comparison
2018-10-19,https://themuseum.ca/themuseum-incites-democracy-ceo-risks-fine-jail-time/,"THEMUSEUM Incites Democracy; CEO Risks Fine, Jail Time",The MUSEUM,Election-Info,
2018-10-19,https://www.kitchenertoday.com/kitchenervotes/city-clerks-office-and-regional-police-investigating-ward-7-candidate-in-waterloo-1091239,City Clerk's Office and Regional Police investigating Ward 7 candidate in Waterloo,Kitchener Today,Waterloo-Ward-07,
2018-10-21,http://bit.ly/WRelections101,Municipal Elections 101 - Waterloo Region by Hannah Marie,Facebook,Election-Info,
2018-10-24,https://www.cambridgetimes.ca/news-story/8985837-cambridge-may-find-another-online-voting-provider-after-election-night-glitch/,Cambridge may find another online voting provider after election night glitch,Cambridge Times,Election-Info,
2018-10-31,https://www.therecord.com/opinion-story/8999367-too-many-choices-and-little-information-on-candidates-overwhelms-voters/,Too many choices and little information on candidates overwhelms voters,Waterloo Region Record,Self-Promotion,Opinion
2018-10-04,https://www.waterloochronicle.ca/news-story/8985306-women-in-politics-are-we-finally-seeing-equal-representation-,Women in politics: Are we finally seeing equal representation?,Waterloo Chronicle,"Alias-All-AreaMunicipal,Alias-All-Regional",
2018-10-29,https://www.kitchenerpost.ca/news-story/8993828-voter-turnout-spikes-in-uptown-waterloo-stagnates-everywhere-else/,Voter turnout spikes in uptown Waterloo,Waterloo Chronicle,Alias-CityWaterloo,
2018-10-30,https://www.kitchenerpost.ca/news-story/8996374-kitchener-posts-lowest-voter-turnout-in-waterloo-region/,Kitchener posts lowest voter turnout in Waterloo Region,Kitchener Post,Alias-Kitchener,
2018-10-18,https://observerxtra.com/2018/10/18/apathy-is-one-of-the-many-perils-to-our-democracy/,Apathy is one of the many perils to our democracy,Woolwich Observer,"Alias-Woolwich,Alias-Wellesley",Opinion
2018-10-26,https://www.cambridgetimes.ca/news-story/8988865-cambridge-councillor-will-continue-pursuit-of-ranked-ballot-voting/,Cambridge councillor will continue pursuit of ranked-ballot voting,Cambridge Times,Alias-Cambridge,
2018-10-24,https://www.therecord.com/news-story/8985705-wilmot-women-get-shout-out-from-former-pm-kim-campbell/,Wilmot women get shout-out from former PM Kim Campbell,Waterloo Region Record,Alias-Wilmot,
2018-10-23,https://tvo.org/article/current-affairs/how-these-former-liberal-mpps-found-new-life-in-municipal-politics,How these former Liberal MPPs found new life in municipal politics,TV Ontario,Cambridge-Mayor,
2018-10-22,https://www.therecord.com/news-story/8981177-berry-vrbanovic-returns-to-city-hall-as-kitchener-s-mayor/,Berry Vrbanovic returns to city hall as Kitchener's mayor,Waterloo Region Record,Kitchener-Mayor,
2018-10-24,https://www.kitchenertoday.com/local-news/regional-chair-elect-redman-focused-on-relationship-building-1096811,Regional Chair-elect Redman focused on relationship building,Kitchener Today,Regional-Chair,
2018-10-23,https://www.kitchenertoday.com/kitchenervotes/i-accept-the-decision-of-the-people-of-cambridge-1095282,'I accept the decision of the people of Cambridge',Kitchener Today,Cambridge-Mayor,
